file,image
ousel-1889-issue-080.pdf,
ousel-1890-issue-087.pdf,ousel-1890-issue-087.png
ousel-1890-issue-089.pdf,
ousel-1890-issue-089b.pdf,ousel-1890-issue-089b.png
ousel-1892-issue-102.pdf,ousel-1892-issue-102.png
ousel-1892-issue-103.pdf,
ousel-1897-issue-xmas.pdf,
ousel-1898-issue-075.pdf,
ousel-1898-issue-xmas.pdf,
ousel-1900-issue-144.pdf,ousel-1900-issue-144.png
ousel-1900-issue-145.pdf,ousel-1900-issue-145.png
ousel-1901-issue-172.pdf,
ousel-1901-issue-175.pdf,
ousel-1902-issue-190.pdf,
ousel-1902-issue-197.pdf,
ousel-1902-issue-200.pdf,
ousel-1902-issue-xmas.pdf,
ousel-1903-issue-223.pdf,
ousel-1903-issue-225.pdf,
ousel-1903-issue-225b.pdf,
ousel-1904-issue-241.pdf,
ousel-1904-issue-246.pdf,
ousel-1904-issue-249.pdf,ousel-1904-issue-249.png
ousel-1904-issue-251.pdf,ousel-1904-issue-251.png
ousel-1905-issue-270.pdf,
ousel-1905-issue-271.pdf,
ousel-1905-issue-272.pdf,
ousel-1905-issue-273.pdf,
ousel-1905-issue-274.pdf,
ousel-1905-issue-276.pdf,
ousel-1905-issue-277.pdf,ousel-1905-issue-277.png
ousel-1905-issue-278.pdf,ousel-1905-issue-278.png
ousel-1906-issue-287.png,ousel-1906-issue-287.png
ousel-1906-issue-296.pdf,
ousel-1906-issue-297.pdf,
ousel-1906-issue-298.pdf,
ousel-1906-issue-299.pdf,
ousel-1906-issue-300.pdf,
ousel-1906-issue-301.pdf,
ousel-1906-issue-302.pdf,
ousel-1907-issue-321.pdf,
ousel-1907-issue-322.pdf,
ousel-1907-issue-323.pdf,
ousel-1907-issue-xmas.pdf,ousel-1907-issue-xmas.png
ousel-1908-issue-343.pdf,
ousel-1908-issue-345.pdf,
ousel-1908-issue-346.pdf,
ousel-1908-issue-348.pdf,
ousel-1908-issue-349.pdf,ousel-1908-issue-349.png
ousel-1909-issue-366.pdf,
ousel-1909-issue-368.pdf,ousel-1909-issue-368.png
ousel-1909-issue-372.pdf,
ousel-1909-issue-372b.pdf,
ousel-1909-issue-374.pdf,ousel-1909-issue-374.png
ousel-1910-issue-388.pdf,
ousel-1910-issue-388b.pdf,ousel-1910-issue-388b.png
ousel-1910-issue-390.pdf,ousel-1910-issue-390.png
ousel-1911-issue-406.pdf,
ousel-1911-issue-408.pdf,
ousel-1912-issue-423.pdf,
ousel-1912-issue-427.pdf,ousel-1912-issue-427.png
ousel-1913-issue-439.pdf,
ousel-1913-issue-440.pdf,
ousel-1913-issue-441.pdf,
ousel-1913-issue-442.pdf,
ousel-1914-issue-458.pdf,
ousel-1914-issue-459.pdf,ousel-1914-issue-459.png
ousel-1915-issue-xmas.pdf,ousel-1915-issue-xmas.png
ousel-1917-issue-503.pdf,
ousel-1918-issue-514.pdf,
ousel-1920-issue-543.pdf,
ousel-1921-issue-557.pdf,
ousel-1921-issue-558.pdf,
ousel-1922-issue-570.pdf,
ousel-1922-issue-571.pdf,
ousel-1924-issue-592.pdf,
ousel-1925-issue-602.pdf,
ousel-1925-issue-604.pdf,
ousel-1927-issue-623.pdf,
ousel-1928-issue-632.pdf,
ousel-1929-issue-638.pdf,
ousel-1929-issue-640.pdf,
ousel-1932-issue-664.pdf,
ousel-1933-issue-669.pdf,ousel-1933-issue-669.png
ousel-1934-issue-677.pdf,
ousel-1935-issue-680.pdf,
ousel-1935-issue-681.pdf,
ousel-1936-issue-686.pdf,
ousel-1939-issue-707.pdf,ousel-1939-issue-707.png
ousel-1947-issue-748.pdf,ousel-1947-issue-748.png
ousel-1953-issue-781.pdf,ousel-1953-issue-781.png
ousel-1954-issue-790.pdf,
ousel-1954-issue-790b.pdf,
ousel-1959-issue-819.png,ousel-1959-issue-819.png
ousel-1962-issue-836.png,ousel-1962-issue-836.png
ousel-1963-issue-838.pdf,
ousel-1964-issue-843.pdf,ousel-1964-issue-843.png
ousel-1968-issue-864.pdf,
ousel-1968-issue-865.pdf,ousel-1968-issue-865.png
ousel-1969-issue-868.pdf,
ousel-1969-issue-869.pdf,
ousel-1969-issue-870.pdf,
ousel-1969-issue-871.pdf,
ousel-1969-issue-872.pdf,
ousel-1970-issue-873.pdf,
ousel-1970-issue-874.pdf,
ousel-1970-issue-875.pdf,
ousel-1970-issue-876.pdf,ousel-1970-issue-876.png
ousel-1971-issue-878.pdf
ousel-1971-issue-880.pdf,ousel-1971-issue-880.png
ousel-1972-issue-881.pdf,
ousel-1972-issue-882.pdf,
ousel-1972-issue-883.pdf,ousel-1972-issue-883.png
ousel-1972-issue-884.pdf,
ousel-1973-issue-885.pdf,
ousel-1973-issue-886.pdf,
ousel-1974-issue-887.pdf,
ousel-1974-issue-888.pdf,ousel-1974-issue-888.png
ousel-1975-issue-879.pdf,
ousel-1975-issue-889.pdf,
ousel-1975-issue-890.pdf,
ousel-1975-issue-891.pdf,
ousel-1975-issue-891b.pdf,
ousel-1976-issue-892.pdf,
ousel-1976-issue-893.pdf,
ousel-1976-issue-894.pdf,
ousel-1977-issue-895.pdf,
ousel-1977-issue-895b.pdf,ousel-1977-issue-895b.png
ousel-1977-issue-896.pdf,
ousel-1977-issue-896b.pdf,
ousel-1977-issue-897.pdf,
ousel-1978-issue-898.pdf,
ousel-1978-issue-899.pdf,
ousel-1978-issue-899b.pdf,
ousel-1978-issue-900.pdf,
ousel-1979-issue-901.pdf,
ousel-1979-issue-902.pdf,
ousel-1979-issue-903.pdf,